AUS,Adam Brenz-Verca
AUS,Adam Wyatt
AUS,Adrian Finglas
AUS,Adrian Kiely
AUS,Alex Thomson
AUS,Andrew Chisholm
AUS,Andrew McCole
AUS,Annabel Jones
AUS,Anthony King
AUS,Arne Lanatowitz
AUS,Ayden Menzies
AUS,Ben Schulz
AUS,Bob Franks
AUS,Bradley Clarke
AUS,Bradley Greenrod
AUS,Brett Beyer
AUS,Brett Bowden
AUS,Brett Sharpe
AUS,Brian Pike
AUS,Bryce Penfold
AUS,Byron Mavrick
AUS,Cameron McDonald
AUS,Chris Gregg
AUS,Chris Whyte
AUS,Christopher Paterson
AUS,Christopher Pearson
AUS,Clint Bowen
AUS,Conall Hansford
AUS,Curtis Hartmann
AUS,Damian Carey
AUS,Daniel Keys
AUS,Darren Cooney
AUS,Darren Gilbert
AUS,Darryl Roos
AUS,Daryl Roos
AUS,David Christie
AUS,David Muel
AUS,David Ottaway
AUS,Ed Cox
AUS,Edmond Repsevicius
AUS,Geoff Lange
AUS,Gilbert Ford
AUS,Glen Stewart
AUS,Grahame Tindall
AUS,Grant Rose
AUS,Greg Clarke
AUS,Hamish Jarrett
AUS,Iain Jensen
AUS,Ian Gregg
AUS,Ian Mc Gillivray
AUS,Ian Scholes
AUS,Ian Taylor
AUS,James Ford
AUS,James Mc Gillivray
AUS,James McAllister
AUS,James Ryssenbeek
AUS,Jeffrey Robinson
AUS,Jeremy Fussell
AUS,Jeremy Manders
AUS,Jim Mc Gillivray
AUS,Joel Castle
AUS,John Jenkins
AUS,John Mclean
AUS,John Paterson
AUS,Jonathon Ross
AUS,Jonno Bannister
AUS,Jordan Spencer
AUS,Josh Mortensen
AUS,Kevin Whitbread
AUS,Lachlan Hornsby
AUS,Leigh Riddell
AUS,Lindsay Gilbert
AUS,Lindsay Whitton
AUS,Luke Payne
AUS,Luke Rhodes
AUS,Maggie Bowden
AUS,Marcel Vos
AUS,Marcus Cooper
AUS,Martin Pike
AUS,Matt Bowden
AUS,Matt Merchant
AUS,Matt Smith
AUS,Matt Summers
AUS,Max Hayman
AUS,Michael Cook
AUS,Michael Thomson
AUS,Mick Babbage
AUS,Mick O'Donnell
AUS,Mitchell McDonald
AUS,Murray Smith
AUS,Nathan Outteridge
AUS,Nathan Quirk
AUS,Nathan Rosenberg
AUS,Neville Kerr
AUS,Nicholas Deussen
AUS,Nicholas Mariani
AUS,Nick Davis
AUS,Nick Johnston
AUS,Nick Johnstone
AUS,Noah Taylor
AUS,Patrick Atwell
AUS,Paul Greenwood
AUS,Paul Marsh
AUS,Paul Ridgway
AUS,Peter Holden
AUS,Peter Nicholas
AUS,Peter Nicolas
AUS,Phil Gray
AUS,Rasmus Goerge
AUS,Richard Machin
AUS,Richie Gallimore
AUS,Riley Pike
AUS,Riley Skipworth
AUS,Rob Deussen
AUS,Robert Fleming
AUS,Robert Gilchrist
AUS,Robin Bath
AUS,Roger Pell
AUS,Ryan Menzies
AUS,Sam Haines
AUS,Sam Heritage
AUS,Sarah Cooper
AUS,Sarah Withall
AUS,Scott Lidgett
AUS,Shane Attwell
AUS,Shane Guanaria
AUS,Simon Reffold
AUS,Steve Howden
AUS,Steve McConaghy
AUS,Steve Sievewright
AUS,Thor Schoenhoff
AUS,Tim Jeans
AUS,Tim Walker
AUS,Tom Brewer
AUS,Tom Connell
AUS,Tom Stuchbery
AUS,Tom Watson
AUS,Tony Wood
AUS,Vivian Marcas
AUS,Wayne Boyd
AUS,Xavier Agnew
AUT,Adam Smith
AUT,Julian Jobstl
BEL,Bas Van Assche
BEL,Casper Martens
BEL,Jeroen Smeets
BEL,Kim Van Assche
BEL,Stijn Oyen
BEL,Toon Van Assche
CAN,Cynthia Des Brisay
CAN,David Brown
CAN,Devlin Lovshin
CAN,Evan Jennings
CAN,Karl Oswald
CAN,Kyber Lovshin
CAN,Martin Hicks
CAN,Martin Ten Hove
CAN,Michael Wonnacott
CAN,Nicolas Tosi
CAN,Paul Place
CAN,Philip Cragg
CAN,Rachael Boyd
CAN,Reto Corfu
CAN,Rich Mundel
CAN,Robert Bartlewski
CAN,Samuel Place
CAN,Thomas Kivney
DEN,Brian Sørensen
DEN,Etienne Bourbeau
DEN,Fabiola Wonterghem
DEN,Finn Angelo
DEN,Hans Jørgen Riber
DEN,Jakob Karbo
DEN,Jesper Bülow
DEN,Jon Andersen
DEN,Lars Henrik Andersen
DEN,Lasse Andersen
DEN,Laust Castor Lund
DEN,Michael Wonterghem
DEN,Morten Ramsbæk
DEN,Nikolaj Hoffmann Buhl,1992
DEN,Rasmus Andersen
DEN,Søren Asboe Jørgensen
Feuchtenhofer
FIN,Ari Dillemuth
FIN,Hannu Pöyry
FIN,Juha Pietilä
FIN,Juhani Heimsch
FIN,Lauri Kääpä
FIN,Rosemarie Hartman
FIN,Ville Tarvo
FRA,Alain Chartier
FRA,Anna Marie de Kergariou
FRA,Antoine Lafortune
FRA,Basile Géron
FRA,Cedric Faucheux
FRA,Christian Silvestre
FRA,Christian Vallaud
FRA,David De Monteil
FRA,Erwan Grossmann
FRA,Fabrice Toupet
FRA,Florian Corbel
FRA,Francois Caminade
FRA,François de Lisle
FRA,Frederic Roucayrol
FRA,Geraud Lafortune
FRA,Guillaume de Kergariou
FRA,Jean Philippe Chartier
FRA,Kleber Valery
FRA,Lancelot Lippi
FRA,Laurent Michel
FRA,Loic Bleuez
FRA,Matthieu Gougeon
FRA,Matthieu Guibbal
FRA,Nicolas Michel
FRA,Philippe Dubuc
FRA,Pierre de Kergariou
FRA,Pierre Gendry
FRA,Pierre Guibbal
FRA,Pierre Jean Gallo
FRA,Romain Delmotte
FRA,Sabine Dechauffour
FRA,Samuel Carvallo
FRA,Simon Chartier
FRA,Thomas Pype
FRA,Valentin Dechauffour
FRA,Xavier Broise
GBR,Alan Montague
GBR,Alastair Milton
GBR,Alex Barry
GBR,Alex Cherry
GBR,Alex Cull
GBR,Alex Davies
GBR,Andrew Short
GBR,Andrew Smith
GBR,Andy Couch
GBR,Andy Edmonds
GBR,Ben Farren-Price
GBR,Ben McGrane
GBR,Bill Munnery
GBR,Bobbie Johnson
GBR,Brian Newlyn
GBR,Carl Gibbons
GBR,Chris Hewkin
GBR,Christopher Dando
GBR,Dan Johnson
GBR,Daniel Hart
GBR,David Barnes
GBR,David Hitcock
GBR,David Thorpe
GBR,David Williams
GBR,Dennis Cartwright
GBR,Donald Sloan
GBR,Dougal Cram
GBR,Geoff Edwards
GBR,Ian Mitchell
GBR,Ian Nicholson
GBR,Jack Kilburn
GBR,James Cole
GBR,James King
GBR,James Read
GBR,Jarrod Simpson
GBR,Jason Lunn
GBR,Jonathan Ward
GBR,Kevin Holden
GBR,Kimball Morrison
GBR,Laurence Milton
GBR,Lee Marriott
GBR,Luke Molloy
GBR,Magnus Leask
GBR,Mark Darling
GBR,Martin Grady
GBR,Martin Stainsby
GBR,Mathieu Fountaine
GBR,Matthew Bristow
GBR,Michael Priddle
GBR,Nicholas Meadow
GBR,Nigel Deane
GBR,Nigel Vooght
GBR,Paul Beasley
GBR,Paul Davies
GBR,Paul Davis
GBR,Penny Clark
GBR,Pete Brooke Houghton
GBR,Peter Halliwell
GBR,Reeve Dunn
GBR,Rich Berry
GBR,Richard Berry
GBR,Richard Nurse
GBR,Richard Tucker
GBR,Roger Gilbert
GBR,Russell Clark
GBR,Russell Short
GBR,Russell Wheeler
GBR,Sam Pascoe
GBR,Scott Allen
GBR,Simon Briddon
GBR,Simon Wood
GBR,Steve Hunt
GBR,Stewart Mears
GBR,Stuart Curtis
GBR,Terry Scutcher
GBR,Terry Selfe
GBR,Thomas Bruton
GBR,Tim Needham
GBR,Tom Stivano
GBR,Vincent Horey
GER,Ailyn Hofmann
GER,Alexander Neddermeier
GER,Alexander Von Mertens
GER,Alexander Wilhelm
GER,Andre Tirre
GER,Andreas Achterberg
GER,Andreas Bock
GER,Andreas Dillmann
GER,Andreas Happich
GER,Anika Kébreau
GER,Anika Wollenbecker
GER,Anja Grotheer
GER,Anja Stengel
GER,Anna Dorothea Schipler
GER,Anna Hauschild
GER,Anna Heinisch
GER,Anne Nehrenberg
GER,Antje Gosch
GER,Antje Paulsen
GER,Antje Schneidewind
GER,Arne Wittemer
GER,Aron Tellen
GER,Axel Dierich
GER,Basti Henning
GER,Benedict Pearson
GER,Benedikt Northoff
GER,Benjamin Gröger
GER,Bernd Heinisch
GER,Bernd Rasenack
GER,Birgit Hartmann
GER,Bjorn Schaar
GER,Bruno Laudage
GER,Carsten Engel
GER,Carsten Hehl
GER,Christian Bühring-Uhle
GER,Christian Henge
GER,Christian Labenz
GER,Christian Niefert
GER,Christian Sonntag
GER,Christina Burger
GER,Christina Wilhelm
GER,Claas Lehmann
GER,Claudius Zeiler
GER,Daniel Czeninga
GER,Davina Schlesiger
GER,Dietrich Scheder
GER,Dirk Barteldt
GER,Dirk Hänsgen
GER,Dirk Hütten
GER,Dirk Lübbers
GER,Dorothea Gebert
GER,Dr Wolfgang Hunger
GER,Eckart Konig
GER,Fabian Vergil
GER,Felix Björn Brockerhoff
GER,Felix Graff
GER,Felix Hummel
GER,Finn Böger
GER,Florian Brix
GER,Florian Lautenschlager
GER,Florian Rheinheimer
GER,Frank Böhm
GER,Frank Feller
GER,Frank Heimburger
GER,Frank Rupprich
GER,Frank Wille
GER,Frederik Tasche
GER,Frieder Achterberg
GER,Friederike Lemp
GER,Friedrich Schropsdorff
GER,Frisco Sanguino
GER,Geeske Genrich
GER,Georg Mittermayer
GER,Gerald Roos
GER,Gordon Russell
GER,Guido Von Walter
GER,Hannes Kindermann
GER,Hannes Wagner
GER,Hansjörg Ehlers
GER,Hans-Werner Steding
GER,Harald König
GER,Hartwig Friedrichs
GER,Hendrik Annighöfer
GER,Henning Steffen
GER,Henrik Schade
GER,Hermann Wollenbecker
GER,Horst Sjuts
GER,Ingo Schneider
GER,Iris Anton
GER,Ivonne Seifert
GER.Ivonne Seifert
GER,Jakob Achterberg
GER,Jan Lürkens
GER,Jan Reifferscheidt
GER,Jan Stremlow
GER,Jan-Hendrik Lenz
GER,Jan-Philipp Hofmann
GER,Jans-Peter Schlomka
GER,Jens Biederer
GER,Jens Kühne
GER,Jens Olbrysch
GER,Jens Steinborn
GER,Jochen Heydolph
GER,Johannes Ganzer
GER,Johannes Kindermann
GER,John Christiansen
GER,Jonas Royla
GER,Jörg Gosche
GER,Jörn Alberts
GER,Jörn Wille
GER,Joseph Schütte
GER,Julia Achterberg
GER,Julia Trusen
GER,Julian Stückl
GER,Juliane Kohl
GER,Julien Kleiner
GER,Jürgen Feuerhake
GER,Jürgen Joseph
GER,Kai Bertallot
GER,Karsten Contag
GER,Karsten Stümpel
GER,Katharina Menge
GER,Katja Frühwald-König
GER,Katja Henge
GER,Kerstin Bernauer
GER,Kilian Northoff
GER,Kirsten Roos
GER,Klaus Brinkbäumer
GER,Konrad Barop
GER,Lars Lankenau
GER,Lena Stückl
GER,Lennart Tasche
GER,Leon Oehme
GER,Leonie Meyer
GER,Lutz Kandzia
GER,Lutz Stengel
GER,Maike Roos
GER,Malte Christophessen
GER,Malte Eilenstein
GER,Marc Köster
GER,Marco Misbach
GER,Marcus Neuß
GER,Marcus Pies
GER,Maren Brehme
GER,Maren Roos
GER,Mario Tirre
GER,Markus Schöner
GER,Martha Hauschild
GER,Martin Bergmann
GER,Martin Bernauer
GER,Martin Deutscher
GER,Martin Handel
GER,Martin Kittsteiner
GER,Martin Lietz
GER,Martin Maal
GER,Martin Schöler
GER,Marvin Schlesiger
GER,Matthias Dachs
GER,Max Eisenrieder
GER,Maximilian Weiß
GER,Meike Schomäker
GER,Michael Eller
GER,Michael Freitag
GER,Michael Heyder
GER,Michael Müller
GER,Michael Rehberg
GER,Michael Troch
GER,Micki Daisenberger
GER,Moritz Bohnenberger
GER,Moritz Bruhns
GER,Moritz Lüther
GER,Morten Roos
GER,Nathalie Zeiler
GER,Nicholas Melzwig
GER,Nick Heuwinkel
GER,Nicola Birkner
GER,Nils-Henning Hofmann
GER,Oliver Schürmann
GER,Oliver Stieglitz
GER,Oliver Thies
GER,Olivier Kraft
GER,Paul Meyer
GER,Pedro Bohnenberger
GER,Peter Gerdts
GER,Peter Kruse
GER,Peter Wilbert
GER,Philipp Müller
GER,Philipp Sudbrack
GER,Phillipp Müller
GER,Pia Wiesbauer
GER,Raik Wollenbecker
GER,Rainer Görge
GER,Ralf Breitenfeldt
GER,Reimund Bauer
GER,Ricarda Wolf
GER,Robert Bautz
GER,Robert Bussenius
GER,Roger Bussenius
GER,Rolf Meyer
GER,Sascha Spors
GER,Sebastian Hoering
GER,Sebastian Munck
GER,Sebastian Wiemer
GER,Siegfried Labenz
GER,Sophie Söllner
GER,Stefan Brückner
GER,Stefan Krumm
GER,Stefan Schmidt
GER,Stefan Schollmeyer
GER,Stefan Worm
GER,Stephan Graff
GER,Stephan Schweiger
GER,Sven Dömges
GER,Sven Meding
GER,Sven Meier
GER,Thomas Afken
GER,Thomas Gosch
GER,Thomas Jung
GER,Thomas Wasilewski
GER,Thomas Weber
GER,Thomas Wilbert
GER,Thorben Köster
GER,Thore Von Puttkamer
GER,Thorsten Pösch
GER,Thorsten Spötter
GER,Thure Gnadeberg
GER,Tilman Giesen
GER,Timon Treichel
GER,Tobias Bolduan
GER,Toralf Feuchtenhofer
GER,Torsten Simon
GER,Ulf Denecke
GER,Ulf Pleßmann
GER,Ulli Heerdegen
GER,Urs Wihlfahrt
GER,Ute Oberländer
GER,Ute Stümpel
GER,Uwe Krumm
GER,Viktoria Warminski
GER,Volker Böhringer
GER,Volker Görge
GER,Walter Steding
GER,Welf Rehberg
GER,Wiebke Gewinn
GER,Wilhelm Wollenbecker
GER,Wolfgang Seifert
IRL,John Dunlea,,https://www.youtube.com/channel/UCTOXVv_53aQqzpktecluPAg
IRL,Michael Ennis
ITA,Cesare Giorgetti
ITA,Gabriele Cortegiani
ITA,Gabriele Natali
ITA,Roberto Candela
NZL,Richard Kiff
POL,Adam Domalski
POL,Adam Domżalski
POL,Adam Kominek
POL,Adam Kuczyński
POL,Adam Najmowicz
POL,Agnieszka Marach
POL,Agnieszka Skrzypulec
POL,Aleksander Ludwiczak
POL,Aleksandra Kachlicka
POL,Aleksandra Mruk
POL,Alina Limańska
POL,Andrzej Borowiak
POL,Andrzej Kubiak
POL,Anna Jabłońska
POL,Anna Zabłocka
POL,Antonina Żółtowska
POL,Artur Piernicki
POL,Bartosz Chroł
POL,Bartosz Kowalczyk
POL,Bartosz Makała
POL,Bartosz Milewski
POL,Bartosz Zimny
POL,Beata Małecka-Monkiewicz
POL,Bogna Płachecka
POL,Cezary Czajkowski
POL,Dariusz Rzadkowski
POL,Dominik Buksak
POL,Dominik Krawiec
POL,Dominik Pawłowski
POL,Dominika Zielińska
POL,Emanuela Bartkowiak
POL,Ewa Bartosiewicz
POL,Ewa Pawlaczyk
POL,Ewa Szyfter
POL,Franciszek Badowski
POL,Grzegorz Janiak
POL,Grzegorz Kidacki
POL,Grzegorz Szreder
POL,Grzegorz Tomaszewski
POL,Igor Graczyk
POL,Jacek Ludwiczak
POL,Jacek Rohowski
POL,Jacek Szwed
POL,Jakub Doruch
POL,Jakub Folczak
POL,Jakub Gąsiorowski
POL,Jakub Jankowski
POL,Jakub Kozanko
POL,Jakub Kręciwilk
POL,Jakub Kusiorski
POL,Jakub Meduna
POL,Jakub Tobolski
POL,Jan Sibilski
POL,Jan Siekierzyński
POL,Jan Walczak
POL,Jan Widerski
POL,Jarosław Grabowski
POL,Jerzy Plewa
POL,Kacper Kaczmarek
POL,Kamil Świstelnicki
POL,Karol Tobolski
POL,Karolina Gąsiorowska
POL,Kazimierz Pelasik
POL,Konrad Małachowski
POL,Krystian Doch
POL,Krzysztof Baran
POL,Krzysztof Osiak
POL,Krzysztof Rzadkowski
POL,Leszek Świstelnicki
POL,Łukasz Czaja
POL,Łukasz Paszke
POL,Łukasz Paszko
POL,Maciej Goździk
POL,Maciej Graczyk
POL,Maciej Kasprzyk
POL,Maciej Kondolewski
POL,Maciej Kropidłowski
POL,Maciej Piasecki
POL,Marcin Jaskółka
POL,Marcin Józefowski
POL,Marcin Matla
POL,Marcin Panek
POL,Marcin Pfeiffer
POL,Marcin Pietrzak
POL,Marcin Wojtoniak
POL,Marek Kaczmarek
POL,Marek Milewski
POL,Mariusz Świstelnicki
POL,Mateusz Grużewski
POL,Mateusz Jura
POL,Mateusz Wolszczak
POL,Mateusz Wujec
POL,Mateusz Żolnierkiewicz
POL,Michał Prończuk
POL,Michał Ruciński
POL,Michał Strusiński
POL,Michał Tracz
POL,Michał Wdówka
POL,Michał Zera
POL,Mieczysław Szwed
POL,Mirosław Majcher
POL,Monika Komadowska
POL,Patryk Płotka
POL,Patryk Witkowski
POL,Pawel Różycki
POL,Paweł Kluczyński
POL,Paweł Nawrocki
POL,Paweł Prus
POL,Paweł Różycki
POL,Paweł Rzepecki
POL,Piotr Duma
POL,Piotr Kosobucki
POL,Piotr Rzepecki
POL,Piotr Rzezak
POL,Przemysław Kukułowicz
POL,Przemysław Rzepecki
POL,Rafał Becker
POL,Rafał Sawicki
POL,Robert Korybut-Daszkiewicz
POL,Robert Zatorski
POL,Roman Główka
POL,Romuald Szukała
POL,Ryszard Pfeiffer
POL,Seweryn Wysokiński
POL,Stanisław Karmoliński
POL,Stefan Romanik
POL,Szymon Janiak
POL,Szymon Kabała
POL,Szymon Swosiński
POL,Szymon Szymik
POL,Szymon Wierzbicki
POL,Tobiasz Zajączkowski
POL,Tomasz Brzozowski
POL,Tomasz Micewicz
POL,Tomasz Polikowski
POL,Tomasz Zubelewicz
POL,Tymon Sadowski
POL,Wiktoria Lasek
POL,Władysław Kondej
POL,Wojciech Kasprzyk
POL,Zbigniew Monkiewicz
POL,Zbisław Lasek
RSA,Albrecht Holm
RSA,Alex Ham
RSA,Alexander Ham
RSA,Bronwen Klaas
RSA,Dirk Rother
RSA,Euan Hurter
RSA,Ferdinand Holm
RSA,James Largier
RSA,James Spikesly
RSA,Jonathan Ham
RSA,Kobus Holtzhausen
RSA,Kyle Klaas
RSA,Peter Funke
RSA,Robert von Gruenewaldt
RSA,Rudolph Holm
RSA,Ryan Robinson
RSA,Tina Plattner
SUI,Florian Stauffer
SUI,Gil Donzé
SUI,Gilles Petermann
SUI,Laurent Grob
SUI,Lionel Hollinger
SUI,Markus Heilig
SUI,Peter Schweizer
SUI,Res Schürch
SUI,Toni Utiger
SUI,Valery Jacot
SWE,Albert Lawenius
SWE,Alexander Gleerup
SWE,Anders Avén
SWE,Anders Dahlén
SWE,Anders Ekberg
SWE,Anders Karoliussen
SWE,Andreas Carlsson
SWE,Axel Danielsson
SWE,Axel Hultgren
SWE,Caroline Lexén
SWE,Christer Båth
SWE,Christian Harding
SWE,Christian Madsen
SWE,Daniel Lundahl
SWE,Daniel Rodhe
SWE,David Lawenius
SWE,Ebbe Rosén
SWE,Felix Stööp Lindgren
SWE,Frank Bach
SWE,Fredrik Hansson
SWE,Fredrik Molander
SWE,Galen Mack
SWE,Gustav Franzén
SWE,Ingrid Söderström
SWE,Jana Hastenpflug
SWE,Jesper Fowelin
SWE,Joakim Peterson
SWE,Johan Calvert
SWE,Johan Johansson
SWE,Johan Röök
SWE,Johan Strömdahl
SWE,Kalle Nilsson
SWE,Katarina Engström
SWE,Knut Hastenpflug
SWE,Lars Bjerke
SWE,Lars Hultgren
SWE,Lars Lindgren
SWE,Lars Wester
SWE,Lars Yngfors, Lars Wester
SWE,Lasse Norberg
SWE,Leif Danielsson
SWE,Lennart Andersson
SWE,Magnus Nilsson
SWE,Malin Broberg
SWE,Malin Vångfors
SWE,Marcus Haas
SWE,Martin Persson
SWE,Mats Lindgren
SWE,Mattias Stenqvistt
SWE,Olle Wenrup
SWE,Oskar Lundberg
SWE,Patric Wollmersson
SWE,Per Kjellberg
SWE,Per Wennersten
SWE,Per Wester
SWE,Per-Anders Hallberg
SWE,Per-Eric Thörnström
SWE,Peter Andersson
SWE,Peter Bökmark
SWE,Pia Åhlund
SWE,Pia Wennersten
SWE,Rita Cording
SWE,Sven Flood
SWE,Thomas Jaxing
SWE,Thomas Lundberg
SWE,Thomas Moss
SWE,Tom Hastenpflug
SWE,Tomas Berg
SWE,Tomas Franzén
SWE,Tomas Grundel
SWE,Tomas Gustafsson
SWE,Tomas Gustavsson
SWE,Tomas Jaxing
SWE,Ton Törm
SWE,Toni Hastenpflug
SWE,Tord Lawner
SWE,Tore Reinhold
SWE,Wilhelm Johannisson
SWE,Wille Johanisson
USA,Adam Lowry
USA,Adam Wolnikowski
USA,Andrew Sutton
USA,Andrew Zinn
USA,Andy Zinn
USA,Anne Fitzpatrick
USA,Annie Fitzpatrick
USA,Augie Diaz
USA,Ben Moon
USA,Brian Haines
USA,Carl Smit
USA,Chris Brady
USA,Christopher Pfrang
USA,Dalton Bergan
USA,Douglas Amthor
USA,Douglas McKeige
USA,Duane Delfosse
USA,Edward Conrads
USA,Eric Anderson
USA,Erik Boothe
USA,Erik Coburn
USA,Evan Diola
USA,Gabriel Watson
USA,Gareth Williams
USA,Geoff Ewenson
USA,Ian Conners
USA,Ian McKeige
USA,Jeff Nelson
USA,Jon Bell
USA,Jon Henderson
USA,Kaila Pfrang
USA,Kerry Poe
USA,Kirk Twardowski
USA,Kyle Pfrang
USA,Langdon Foley
USA,Lee Laney
USA,Mark Zagol
USA,Martin Tipton
USA,Mathias Kennerknecht
USA,Matthew Barry
USA,Mike Coe
USA,Mike Poulos
USA,Mike Powell
USA,Mike Smith
USA,Mike Zimmerman
USA,Parry Barclay
USA,Pat Diola
USA,Ramsay Key
USA,Rob Woelfel
USA,Robert Tennant
USA,Robert Waterman
USA,Russell Miller
USA,Scott Weiler
USA,Sterling Spruill
USA,Steve Bourdow
USA,Thomas Barrows
USA,Tim Murphy
USA,Tom Crawford
USA,Will Lowe
USA,Xavier deTappe
ZIM,David Horsfall
ZIM,Patrick McCosh
